﻿[
  {
    "Name": "James",
    "EIN": "82987344343",
    "Designation": "Software Engineer",
    "Contact":  "9897112345"
  },
  {
    "Name": "Mike",
    "EIN": "92987344343",
    "Designation": "Technical Lead",
    "Contact": "9897112345"
  },
  {
    "Name": "John",
    "EIN": "73987344343",
    "Designation": "Manager",
    "Contact": "9897112345"
  },
  {
    "Name": "Blake",
    "EIN": "62987344343",
    "Designation": "Software Engineer",
    "Contact": "9897112345"
  }
]