﻿[
  {
    "EmployeeName": "James",
    "EIN": "82987344343",
    "EmployeeDesignation": "Software Engineer",
    "Contact":  "9897112345"
  },
  {
    "EmployeeName": "Mike",
    "EIN": "92987344343",
    "EmployeeDesignation": "Technical Lead",
    "Contact": "9897112345"
  },
  {
    "EmployeeName": "John",
    "EIN": "73987344343",
    "EmployeeDesignation": "Manager",
    "Contact": "9897112345"
  },
  {
    "EmployeeName": "Blake",
    "EIN": "62987344343",
    "EmployeeDesignation": "Software Engineer",
    "Contact": "9897112345"
  }
]